AGE,SEX,BMI,ARM,SampleId
39,female,27,placebo,189
27,female,24,treatment,198
27,male,22,treatment,247
53,male,29,placebo,158
39,female,29,treatment,46
34,female,23,placebo,38
41,female,22,placebo,322
36,male,20,placebo,321
31,female,26,treatment,317
27,female,25,treatment,219
53,male,31,treatment,73
30,female,33,treatment,23
24,female,31,placebo,285
31,male,24,treatment,296
55,female,30,treatment,24
33,female,21,placebo,216
40,male,28,treatment,306
36,female,23,treatment,212
24,male,33,placebo,95
45,male,30,placebo,70
55,male,19,treatment,123
41,male,31,placebo,261
28,female,18,placebo,235
38,male,33,treatment,47
26,male,19,treatment,78
33,female,20,placebo,40
44,female,22,treatment,174
45,male,21,placebo,144
53,female,21,treatment,89
28,male,18,treatment,137
48,male,27,placebo,267
30,male,30,placebo,118
35,female,26,treatment,269
35,female,25,placebo,39
50,female,18,treatment,42
40,male,31,placebo,315
52,male,21,placebo,210
23,female,25,placebo,11
25,female,20,treatment,166
48,female,27,placebo,157
42,female,31,treatment,320
45,male,27,treatment,29
36,female,23,treatment,211
25,male,31,placebo,21
49,male,30,treatment,270
49,female,21,placebo,56
50,female,21,placebo,213
24,female,29,placebo,121
56,female,21,treatment,185
46,male,26,treatment,97
51,female,31,placebo,234
38,male,28,placebo,248
24,male,30,treatment,76
27,female,32,placebo,228
39,male,24,placebo,105
46,male,33,placebo,33
32,female,21,placebo,290
38,male,26,treatment,140
25,female,27,placebo,113
33,female,20,treatment,293
53,male,26,placebo,194
42,female,30,placebo,107
29,female,30,placebo,277
28,female,19,treatment,139
44,male,27,treatment,160
29,male,33,placebo,62
56,male,26,placebo,15
40,female,19,treatment,241
24,male,30,placebo,308
35,male,22,treatment,249
37,female,29,treatment,48
28,male,32,treatment,102
48,male,20,treatment,286
46,female,21,placebo,318
24,male,22,placebo,138
44,female,20,treatment,147
49,male,28,placebo,16
26,male,23,treatment,227
47,female,23,placebo,238
51,female,33,treatment,63
34,male,27,treatment,250
39,female,18,placebo,64
33,male,30,placebo,176
24,male,18,treatment,104
37,female,28,placebo,41
27,female,21,treatment,231
45,female,31,placebo,117
26,male,31,placebo,145
31,male,30,placebo,251
46,female,33,placebo,86
52,female,29,treatment,256
56,male,24,placebo,82
53,male,21,treatment,246
32,male,31,treatment,217
41,female,19,treatment,7
37,male,33,treatment,101
37,female,24,placebo,288
23,male,19,placebo,168
30,male,29,treatment,30
23,female,27,treatment,184
