AGE,SEX,BMI,ARM,SampleId
54,male,22,treatment,328
30,female,27,treatment,128
45,male,26,treatment,27
37,male,19,placebo,20
31,female,30,treatment,159
42,male,30,placebo,59
56,female,23,treatment,193
53,male,32,treatment,63
44,male,18,placebo,325
53,female,21,placebo,219
29,male,24,treatment,300
45,male,30,treatment,308
51,female,31,placebo,263
33,female,32,placebo,251
40,male,28,treatment,156
54,male,24,placebo,317
26,male,22,placebo,111
29,male,27,treatment,127
26,male,28,treatment,244
27,male,29,placebo,189
47,male,26,placebo,276
36,male,30,treatment,11
34,male,22,placebo,326
25,male,18,treatment,110
23,male,18,placebo,10
44,male,28,placebo,227
30,female,32,placebo,181
29,female,24,placebo,190
35,female,20,treatment,264
32,female,33,treatment,90
35,male,28,placebo,102
25,male,23,placebo,97
42,male,30,treatment,245
27,male,26,treatment,175
39,female,18,treatment,192
50,female,29,treatment,238
26,male,21,treatment,1
40,female,27,placebo,208
30,female,23,placebo,310
41,female,19,treatment,72
43,female,24,treatment,105
38,female,33,treatment,76
33,female,28,treatment,94
28,female,22,placebo,268
32,male,21,placebo,68
30,male,25,placebo,202
51,male,32,treatment,67
38,male,25,treatment,174
26,female,33,treatment,158
54,female,19,treatment,18
28,male,23,placebo,194
55,female,24,treatment,319
46,female,30,treatment,201
53,female,19,treatment,188
36,male,26,treatment,141
29,female,23,treatment,29
23,male,32,treatment,282
35,female,27,treatment,139
55,male,24,placebo,278
27,male,20,treatment,241
55,male,26,treatment,142
34,male,30,placebo,256
39,male,23,placebo,4
55,male,21,placebo,320
28,female,18,treatment,223
23,male,22,treatment,13
34,female,20,treatment,88
52,male,26,treatment,115
31,female,26,treatment,24
55,male,20,treatment,295
39,female,23,placebo,56
32,male,30,treatment,98
51,male,19,placebo,171
29,male,26,placebo,277
27,male,21,treatment,130
45,male,31,placebo,301
31,female,28,treatment,138
38,female,29,placebo,314
55,female,30,placebo,296
29,male,28,placebo,258
41,female,19,treatment,70
38,female,28,treatment,84
34,male,33,treatment,275
32,male,18,placebo,252
36,female,33,placebo,172
29,male,21,treatment,151
52,male,18,treatment,234
37,male,24,treatment,185
55,female,26,placebo,7
23,female,33,placebo,6
34,male,31,treatment,160
47,female,23,placebo,123
40,male,28,placebo,119
55,male,28,treatment,273
26,male,29,placebo,22
39,male,28,treatment,269
29,female,28,treatment,103
29,male,22,treatment,186
42,male,18,treatment,195
42,female,30,placebo,108
28,female,26,placebo,164
48,female,33,treatment,60
41,male,20,placebo,184
41,female,32,treatment,80
33,male,18,placebo,182
34,male,31,placebo,216
31,female,33,treatment,39
42,female,18,placebo,322
42,female,23,treatment,236
39,female,20,placebo,209
46,male,21,treatment,260
41,male,33,treatment,15
32,female,29,treatment,86
47,male,32,placebo,109
42,female,28,placebo,155
26,female,31,treatment,290
41,male,20,treatment,104
55,male,20,treatment,136
23,male,19,placebo,65
26,male,28,placebo,147
51,male,18,treatment,163
56,male,28,placebo,283
41,female,32,placebo,210
34,female,28,treatment,57
31,female,31,placebo,226
30,female,24,treatment,204
40,male,26,placebo,124
29,male,18,placebo,291
45,male,33,treatment,218
31,male,25,treatment,122
34,female,20,treatment,25
30,male,22,placebo,51
30,male,28,treatment,168
28,male,20,treatment,173
41,female,18,placebo,323
48,female,21,treatment,96
28,female,23,placebo,83
48,female,23,treatment,167
55,female,28,treatment,294
39,female,24,treatment,45
40,male,27,placebo,55
45,female,24,treatment,197
48,male,28,placebo,255
34,male,31,placebo,81
47,female,32,placebo,19
53,female,27,treatment,316
46,female,19,placebo,23
47,female,25,placebo,46
44,male,21,placebo,229
35,female,27,treatment,178
56,male,19,placebo,166
44,female,28,placebo,32
55,male,22,placebo,31
30,female,23,treatment,183
30,female,32,treatment,306
31,male,26,treatment,144
42,male,24,treatment,41
28,female,32,placebo,132
53,female,22,treatment,207
34,male,23,placebo,298
49,male,19,treatment,321
47,female,28,placebo,225
32,female,29,placebo,12
34,male,25,treatment,274
32,male,30,placebo,150
52,female,20,treatment,145
41,male,22,placebo,17
52,female,32,treatment,169
48,male,20,treatment,279
54,male,29,placebo,131
43,female,26,placebo,28
33,female,18,treatment,221
56,male,31,placebo,37
40,male,23,treatment,254
31,female,28,placebo,148
41,female,20,placebo,315
41,male,31,placebo,307
46,male,22,treatment,33
23,male,31,treatment,240
52,male,24,placebo,71
37,male,32,placebo,293
44,male,31,placebo,235
43,male,24,placebo,292
29,male,27,treatment,58
32,male,25,placebo,52
32,male,20,placebo,281
35,male,20,treatment,191
29,male,28,treatment,87
42,male,22,treatment,116
51,female,26,treatment,177
46,female,21,placebo,165
49,female,32,treatment,327
38,male,29,treatment,77
55,male,31,placebo,157
41,male,33,placebo,50
52,male,20,treatment,48
32,male,22,treatment,285
47,male,24,placebo,289
37,male,24,treatment,61
48,male,30,placebo,246
29,female,23,placebo,220
32,female,25,placebo,179
51,male,22,placebo,211
38,male,22,placebo,135
47,male,29,placebo,42
28,male,28,placebo,243
38,male,25,placebo,99
45,female,18,treatment,143
26,male,25,placebo,43
24,male,26,treatment,121
26,male,30,treatment,93
35,male,23,treatment,249
50,female,25,treatment,309
32,male,30,placebo,114
37,female,19,placebo,2
37,male,30,placebo,40
51,male,24,treatment,35
31,female,22,placebo,26
28,female,28,treatment,222
25,male,25,treatment,187
29,female,25,treatment,5
35,male,33,placebo,75
38,male,28,treatment,107
43,male,33,treatment,120
29,female,18,placebo,304
28,male,32,placebo,214
49,male,24,placebo,286
29,male,18,treatment,100
35,male,19,placebo,95
29,male,20,placebo,199
32,male,32,placebo,318
42,male,26,treatment,266
48,female,23,placebo,237
47,male,33,placebo,91
48,female,29,placebo,313
49,female,26,treatment,73
45,female,26,treatment,101
51,male,31,placebo,64
44,female,19,placebo,231
25,female,18,placebo,53
31,male,19,placebo,259
27,male,31,placebo,125
43,female,28,placebo,82
37,female,28,placebo,267
39,male,32,placebo,47
45,female,25,treatment,34
39,female,32,placebo,303
35,male,18,placebo,196
37,male,20,treatment,153
24,female,19,placebo,49
48,male,29,treatment,14
29,male,20,placebo,284
35,male,29,treatment,270
40,female,28,placebo,242
43,female,25,treatment,66
36,male,24,treatment,180
40,female,29,treatment,280
45,female,23,placebo,217
55,male,30,placebo,85
29,male,20,treatment,54
29,female,33,treatment,16
27,male,20,treatment,297
40,female,21,treatment,302
40,male,29,treatment,287
50,male,23,placebo,38
35,female,25,placebo,146
55,male,25,treatment,36
26,male,18,placebo,230
51,female,19,placebo,215
35,female,28,treatment,265
45,female,28,placebo,212
39,male,19,treatment,228
52,female,27,treatment,112
23,male,25,treatment,271
49,male,30,treatment,118
27,male,23,placebo,324
28,male,31,treatment,134
38,female,27,placebo,152
27,male,29,treatment,312
43,male,32,treatment,203
